pid,eid,~json_qc,qc_behavior,qc_alignment_resolved,num_trials,qc_num_trials,priority_score
4dd3d15f-b59b-4403-85c0-417d41337f5d,fe80df7d-15f0-4f89-9bbb-d3e5725c4b0a,True,True,True,893.0,True,3.0
488d4bf8-9ae6-4bbe-9025-fcfdaec93efd,11cc0294-fbc5-44b7-8a2c-484daa64c81e,True,True,True,981.0,True,3.0
f8965106-8f4a-4910-81f6-f19d55878b4e,9b4f6a8d-c879-4348-aa7e-0b34f6c6dacb,True,True,True,753.0,True,3.0
383e12dc-4825-46f4-ac1d-8f3f6a6a1381,107249ca-0d03-4e56-a7eb-6fe6210550ae,True,True,True,442.0,True,3.0
797fd358-5778-4b9f-b037-2aeb2393b839,a5145869-a54a-4871-95ef-016421122844,True,True,True,768.0,True,3.0
e8f25a3a-ab3d-4e3e-a863-5014a2b7e440,5c936319-6829-41cb-abc7-c4430910a6a0,True,True,True,847.0,True,3.0
3d9db0eb-31a6-44a8-99de-6e04555d27be,a5145869-a54a-4871-95ef-016421122844,True,True,True,768.0,True,3.0
bf8bb47d-e7e4-4759-87f1-fe054407661b,78fceb60-e623-431b-ab80-7e29209058ac,True,True,True,737.0,True,3.0
96bfe790-37a6-45da-aa30-e271c9ce68e6,c94463ed-57da-4f02-8406-46f2f03924f3,True,True,True,807.0,True,3.0
7215243f-f336-4602-9521-6f9786d4decd,fe80df7d-15f0-4f89-9bbb-d3e5725c4b0a,True,True,True,893.0,True,3.0
bb4fbbf0-4d1e-4d0d-b348-2d7b7fddd151,a06189b0-a66e-4a5a-a1ef-4afa80de8b31,True,True,True,836.0,True,3.0
7f788d36-56dd-4ebc-863e-c22ec4f1a731,11cc0294-fbc5-44b7-8a2c-484daa64c81e,True,True,True,981.0,True,3.0
aebf71d2-408d-4901-a4e3-007cf61af8a0,89e258e9-cbca-4eca-bac4-13a2388b5113,True,True,True,580.0,True,3.0
9341b8f3-fa57-4fbb-9d0b-7ca3613da0cc,022dd14c-eff2-470f-863c-e019fafa53ae,True,True,True,410.0,True,3.0
32622302-ffef-412b-8773-4c7ef2a993bf,7ae3865a-d8f4-4b73-938e-ddaec33f8bc6,True,True,True,595.0,True,3.0
ee2ce090-696a-40f5-8f29-7107339bf08e,6f321eab-6dad-4f2e-8160-5b182f999bb6,True,True,True,465.0,True,3.0
c7b21911-7699-402c-badc-670f723a7e42,ba7fc4d0-0486-4415-9b12-3f13b1cff710,True,True,True,581.0,True,3.0
b9292b9f-cc04-4d2b-93c0-c0ad16e2b221,87b628a4-f11a-429c-ad98-34d43cf3178b,True,True,True,981.0,True,3.0
42fd1bb1-76b1-4227-9a74-925bcd28b9a0,7ae3865a-d8f4-4b73-938e-ddaec33f8bc6,True,True,True,595.0,True,3.0
5ce945a6-5b59-4d30-8be9-51f6e8280b43,804bc680-976b-4e3e-9a47-a7e94847bd06,True,True,True,702.0,True,3.0
7d5c4c4e-5c23-4a1d-a1ce-32cb79bbcc2a,93374502-c701-4b83-aa1a-23050b514708,True,True,True,760.0,True,3.0
c52c4943-e764-4a9d-a759-06aff36993f0,af74b29d-a671-4c22-a5e8-1e3d27e362f3,True,True,True,641.0,True,3.0
fa0dc413-1525-4178-89a8-3a093e08e2ce,0fe99726-9982-4c41-a07c-2cd7af6a6733,True,True,True,645.0,True,3.0
0bc568eb-feed-4d5d-86e2-edfdf84ed707,c90cdfa0-2945-4f68-8351-cb964c258725,True,True,True,659.0,True,3.0
58153f9d-08b5-4386-b1ad-715c3922a470,93374502-c701-4b83-aa1a-23050b514708,True,True,True,760.0,True,3.0
39e6c9a9-2241-4781-9ed6-db45979207e7,2cff323c-1510-4b78-a5d1-ca07b203f60c,True,True,True,472.0,True,3.0
8f4213bd-49ab-4421-bf1b-a1f8e6e1f37f,da9eeafc-d7af-4a19-bf1c-2064e5b1b696,True,True,True,828.0,True,3.0
278ce01a-2383-4a09-b74a-b8571ccbabad,804bc680-976b-4e3e-9a47-a7e94847bd06,True,True,True,702.0,True,3.0
556b57db-e4bd-456b-b0bf-d0ddc56603ff,531e7ac0-cfcd-4593-9bf7-bb7bab5d66e9,True,True,True,812.0,True,3.0
1edd8ae4-02bb-47ab-868c-1d5fad6256aa,f31752a8-a6bb-498b-8118-6339d3d74ecb,True,True,True,651.0,True,3.0
6c74c0f6-030d-4665-9e2e-799b1bcd3367,945028b5-bb38-4379-8ae4-488bcd67bcf5,True,True,True,869.0,True,3.0
770470e7-9e8c-40c0-b95b-33330c096ade,87b628a4-f11a-429c-ad98-34d43cf3178b,True,True,True,981.0,True,3.0
d7c474c8-168a-4ae3-a2d8-573ca8017708,af74b29d-a671-4c22-a5e8-1e3d27e362f3,True,True,True,641.0,True,3.0
34d7572f-7e3b-4d12-afc5-c26bd2dfde15,0fe99726-9982-4c41-a07c-2cd7af6a6733,True,True,True,645.0,True,3.0
253768e5-b649-4e49-944d-cc79d30b8f35,3a1b819b-71ef-4d71-aae6-9f83c1f509cb,True,True,True,1186.0,True,3.0
a089219a-c836-470a-91c7-d65617bfb82a,6f321eab-6dad-4f2e-8160-5b182f999bb6,True,True,True,465.0,True,3.0
fc93dc34-3329-475b-b779-1167482c86b7,f45e30cf-12aa-4fa0-8248-f9f885dfa9ef,True,True,True,798.0,True,3.0
7246e8f8-f694-488f-8ce8-5214975ffe9a,ab8a5331-1d0f-4b8a-9e0f-7be41c4857f9,True,True,True,834.0,True,3.0
e096bf1f-b2b7-471d-b07b-e4e6d65299ac,f2545193-1c5c-420e-96ac-3cb4b9799ea5,True,True,True,756.0,True,3.0
d2da187c-7277-4114-bd09-f4f62ce9947e,f2545193-1c5c-420e-96ac-3cb4b9799ea5,True,True,True,756.0,True,3.0
14e496f3-06c7-465e-b7a7-109d866793a2,c94463ed-57da-4f02-8406-46f2f03924f3,True,True,True,807.0,True,3.0
35e215e1-b925-4593-8d67-0de6603c525a,ba7fc4d0-0486-4415-9b12-3f13b1cff710,True,True,True,581.0,True,3.0
feb4c65d-ad57-430e-8698-31f193013d19,c90cdfa0-2945-4f68-8351-cb964c258725,True,True,True,659.0,True,3.0
68386da9-4a3e-425f-baa1-15e4f985153d,531e7ac0-cfcd-4593-9bf7-bb7bab5d66e9,True,True,True,812.0,True,3.0
23e12f60-05fc-43ce-9536-f2feef8db037,2cff323c-1510-4b78-a5d1-ca07b203f60c,True,True,True,472.0,True,3.0
9b52d705-f975-4efb-863f-8c0ee33495c9,b26295df-e78d-4368-b694-1bf584f25bfc,True,True,True,1005.0,True,3.0
646bfb77-b784-4c21-b37f-2ffc9986a228,9b4f6a8d-c879-4348-aa7e-0b34f6c6dacb,True,True,True,753.0,True,3.0
7ca1a6a0-5808-4882-9f8c-ea5ae82ad1a2,bb2153e7-1052-491e-a022-790e755c7a54,True,True,True,1014.0,True,3.0
eb48b9fc-661e-4dde-8388-f32bde00482f,a45e62df-9f7f-4429-95a4-c4e334c8209f,True,True,True,919.0,True,3.0
3c89bf07-1010-4457-8018-1733d50725e7,3a1b819b-71ef-4d71-aae6-9f83c1f509cb,True,True,True,1186.0,True,3.0
429747bb-93c2-4ec2-b823-a49d9247d4d5,fe0ecca9-9279-4ce6-bbfe-8b875d30d34b,True,True,True,668.0,True,3.0
57edc590-a53d-403c-9aab-d58ee51b6a24,022dd14c-eff2-470f-863c-e019fafa53ae,True,True,True,410.0,True,3.0
ba40eda8-601d-41cb-a629-290d17e7a680,a0dfbbc6-0454-4dc6-ade0-9ba57c18241d,True,True,True,1013.0,True,3.0
18e665b6-cc3d-4cde-980b-ddba405c1b26,bf358c9a-ef84-4604-b83a-93416d2827ff,True,True,True,893.0,True,3.0
02106173-e888-429b-a03c-7daaa40cc6be,bb2153e7-1052-491e-a022-790e755c7a54,True,True,True,1014.0,True,3.0
3ae57f3f-be93-48d9-8f47-f5a6f9055a3a,c875fc7d-0966-448a-813d-663088fbfae8,True,True,True,740.0,True,3.0
4b345c19-4973-4f30-8858-f236e7456553,bf358c9a-ef84-4604-b83a-93416d2827ff,True,True,True,893.0,True,3.0
3adebebc-6499-4ad7-81db-a7a61f50fb15,9931191e-8056-4adc-a410-a4a93487423f,True,True,True,448.0,True,3.0
2631e77a-d521-4939-b247-e7a0ea0a95c1,78fceb60-e623-431b-ab80-7e29209058ac,True,True,True,737.0,True,3.0
cbe746bb-8076-41c9-a90e-3bd56b2d958e,107249ca-0d03-4e56-a7eb-6fe6210550ae,True,True,True,442.0,True,3.0
becce8b9-db96-4ace-ad99-66397ca9e181,945028b5-bb38-4379-8ae4-488bcd67bcf5,True,True,True,869.0,True,3.0
85b98361-9706-4318-8923-6988d4e804e8,a0dfbbc6-0454-4dc6-ade0-9ba57c18241d,True,True,True,1013.0,True,3.0
08c49305-d12c-4cc5-8f5c-b29f62f3a4a6,ab8a5331-1d0f-4b8a-9e0f-7be41c4857f9,True,True,True,834.0,True,3.0
a7919b08-68fd-4ae7-a5a6-341d054d5bed,5c936319-6829-41cb-abc7-c4430910a6a0,True,True,True,847.0,True,3.0
daadb3f1-bef2-474e-a659-72922f3fcc5b,fe0ecca9-9279-4ce6-bbfe-8b875d30d34b,True,True,True,668.0,True,3.0
61bb2bcd-37b4-4bcc-8f40-8681009a511a,f31752a8-a6bb-498b-8118-6339d3d74ecb,True,True,True,651.0,True,3.0
3b7827f2-3957-41dd-8b12-fa529a1422e7,ad8e802d-ce83-437a-865f-fa769762a602,True,True,True,917.0,True,3.0
442d6f32-f0dc-4f82-90e3-5eefb086797c,9931191e-8056-4adc-a410-a4a93487423f,True,True,True,448.0,True,3.0
65814b25-2091-4630-8339-c7a282918728,078fb4b2-4bff-414c-92a8-a2fb97ffcf59,True,False,True,420.0,True,2.0
283db2a3-10d8-4b88-98fb-34aa81323a44,078fb4b2-4bff-414c-92a8-a2fb97ffcf59,True,False,True,420.0,True,2.0
e9afdaa6-0898-4f6c-8a1f-ea7c4a0268d1,e38c3ca1-4c0e-4fac-bcaf-b94db6e1b8e0,True,False,True,500.0,True,2.0
0494d8ac-e783-479c-98a0-5d9af8bf5ee7,38bdc37b-c8be-4f18-b0a2-8a22dfa5f47e,True,False,True,879.0,True,2.0
b1f22344-6bbc-4540-a4fa-d5e00f9b5857,a3470924-a5b0-4cee-a04e-7597d4a94f8d,True,False,True,917.0,True,2.0
6971e690-f172-4442-9949-fc43c737fe56,48cdc3ce-8e21-4090-9686-e26c6e4e851f,True,False,True,654.0,True,2.0
c47c90b5-16d7-41b6-8eeb-d1c5675a2313,6f87f78d-f091-46c7-8226-e8b1936b28ee,True,False,True,741.0,True,2.0
7b78929a-6738-4536-8885-53d8460e25af,38bdc37b-c8be-4f18-b0a2-8a22dfa5f47e,True,False,True,879.0,True,2.0
83f818c8-44f3-432c-a172-362e3033f8ab,e38c3ca1-4c0e-4fac-bcaf-b94db6e1b8e0,True,False,True,500.0,True,2.0
ac628514-dcfe-445b-a3db-f52060c536fd,48cdc3ce-8e21-4090-9686-e26c6e4e851f,True,False,True,654.0,True,2.0
f69012f7-5503-4ed6-bf95-ec15522ec0c9,a68ef902-026c-4dfa-857f-8bc799a3b5e5,True,False,True,845.0,True,2.0
8f6f2d0b-e117-432b-8fbd-2907aa3ec034,e71bd25a-8c1e-4751-8985-4463a91c1b66,True,False,True,493.0,True,2.0
694f588f-c741-43cd-895c-c3b41731d5d0,a68ef902-026c-4dfa-857f-8bc799a3b5e5,True,False,True,845.0,True,2.0
f539feda-0cf5-41b2-8741-57cd41ae7732,41dfdc2a-987a-402a-99ae-779d5f569566,True,False,True,493.0,True,2.0
7ed5860e-5c8b-42a5-aafb-515adaaf3291,e71bd25a-8c1e-4751-8985-4463a91c1b66,True,False,True,493.0,True,2.0
0ecc7626-9e8c-47e7-9b8f-60442aa8ce5a,41dfdc2a-987a-402a-99ae-779d5f569566,True,False,True,493.0,True,2.0
b6787ce8-a641-4422-9ada-eaea3fa2b70d,2d768cde-65d4-4374-af2e-6ff3bf606eb4,True,False,True,781.0,True,2.0
f61013a8-7088-4b7a-bf42-96c9fe807490,2d768cde-65d4-4374-af2e-6ff3bf606eb4,True,False,True,781.0,True,2.0
e714959c-650f-4795-990c-9eb78689a572,a44fd8cc-ae4c-49b2-a6b4-97c6552ad9f6,True,False,True,981.0,True,2.0
7b8935da-a5ab-497e-b13f-ebff06ec8a78,6f87f78d-f091-46c7-8226-e8b1936b28ee,True,False,True,741.0,True,2.0
6caafb93-ccbb-4f3d-b339-b262120e9d26,2eb86e84-4b48-488c-81ed-b98335d9a922,True,False,True,315.0,False,1.0
be2231de-2037-4d4f-ab7a-065ddf46c8dc,308274fc-28e8-4bfd-a4e3-3903b7b48c28,True,False,True,347.0,False,1.0
ee66667e-d1b3-4d31-8138-863ad3644866,8cfb0b3d-2877-4616-9e32-4139c4501691,True,False,True,326.0,False,1.0
d2b5e4a1-5445-4c3a-996a-ea77eb83e576,ded7c877-49cf-46ad-b726-741f1cf34cef,True,False,True,355.0,False,1.0
3b6f1804-c815-4658-be35-4f015255807e,ded7c877-49cf-46ad-b726-741f1cf34cef,True,False,True,355.0,False,1.0
1f520b36-78cf-4503-bfb8-7e4496ddbd87,150f92bc-e755-4f54-96c1-84e1eaf832b4,True,False,True,356.0,False,1.0
6c7378d3-aa20-43e1-ba30-2df2b595efd4,9a14e9b7-0f79-410b-a456-1e8e7887e621,True,False,True,179.0,False,1.0
682029b5-ff63-48cf-9d9b-21ecac42df90,7aa9fe27-3f10-4ee0-a5a3-a0c59884f2b6,True,False,True,356.0,False,1.0
00fc606b-77d0-4fcd-8a13-376b6b99e25e,27f3c7a6-7be5-40e2-b4d8-9393978aeae1,True,False,True,160.0,False,1.0
364b1be2-ff74-4481-99f5-5e5c02abe55d,2eb86e84-4b48-488c-81ed-b98335d9a922,True,False,True,315.0,False,1.0
3685d60d-70f9-4a0e-918b-6bee333d1d1a,83292b0f-e30f-48e1-ad0a-6f2bfe04e8b0,True,False,True,269.0,False,1.0
178f92c5-38ad-4b0a-a235-606a8c271884,83292b0f-e30f-48e1-ad0a-6f2bfe04e8b0,True,False,True,269.0,False,1.0
6fd269b1-5099-46de-960e-9bc57f838d06,9a14e9b7-0f79-410b-a456-1e8e7887e621,True,False,True,179.0,False,1.0
f6bd3ba7-2b98-4e01-ac9b-73e712971797,150f92bc-e755-4f54-96c1-84e1eaf832b4,True,False,True,356.0,False,1.0
638f3a42-0c52-446c-b4f2-497c66a292ad,8cfb0b3d-2877-4616-9e32-4139c4501691,True,False,True,326.0,False,1.0
c1b070b0-16a8-426b-aac3-d1851ed17819,a06189b0-a66e-4a5a-a1ef-4afa80de8b31,False,True,True,836.0,True,0.0
0c124e13-34ef-4fd5-912c-792b51ecfa53,a44fd8cc-ae4c-49b2-a6b4-97c6552ad9f6,False,False,False,981.0,True,0.0
d29fd4cc-1621-4597-b18d-ec1530e9bd81,c875fc7d-0966-448a-813d-663088fbfae8,False,True,True,740.0,True,0.0
0a687b38-2085-474e-9e72-4b50d4907532,f45e30cf-12aa-4fa0-8248-f9f885dfa9ef,True,True,False,798.0,True,0.0
1eff28ed-9cfb-4375-b5dd-4e025a22249d,b26295df-e78d-4368-b694-1bf584f25bfc,False,True,True,1005.0,True,0.0
c69f1272-b0de-40aa-88ab-0bf815f26c7e,a3470924-a5b0-4cee-a04e-7597d4a94f8d,False,False,True,917.0,True,0.0
19055ddd-b61b-4b8f-a640-edeeb606e815,a45e62df-9f7f-4429-95a4-c4e334c8209f,False,True,True,919.0,True,0.0
fd832d3a-adc4-4fb4-8612-317595de1c58,da9eeafc-d7af-4a19-bf1c-2064e5b1b696,False,True,True,828.0,True,0.0
b3898250-017e-4f64-a421-34fa51e8628d,ad8e802d-ce83-437a-865f-fa769762a602,False,True,True,917.0,True,0.0
